{"stats":{"minecraft:custom":{"minecraft:interact_with_furnace":76,"minecraft:mob_kills":33,"minecraft:interact_with_crafting_table":40,"minecraft:play_one_minute":132174,"minecraft:leave_game":2,"minecraft:time_since_death":10331,"minecraft:sleep_in_bed":3,"minecraft:climb_one_cm":315,"minecraft:time_since_rest":9402,"minecraft:sprint_one_cm":348893,"minecraft:damage_taken":3435,"minecraft:walk_one_cm":344550,"minecraft:drop":16,"minecraft:damage_dealt":5811,"minecraft:swim_one_cm":15827,"minecraft:fly_one_cm":201543,"minecraft:open_chest":14,"minecraft:crouch_one_cm":1029,"tombstone:undead_killed":18,"minecraft:deaths":9,"minecraft:sneak_time":1043,"minecraft:walk_under_water_one_cm":3058,"minecraft:jump":1669,"minecraft:walk_on_water_one_cm":20838,"minecraft:fall_one_cm":26369},"minecraft:broken":{"minecraft:stone_pickaxe":1,"minecraft:stone_axe":1,"minecraft:iron_pickaxe":1},"minecraft:crafted":{"minecraft:red_dye":2,"minecraft:oak_planks":142,"minecraft:cooked_porkchop":8,"minecraft:crafting_table":6,"minecraft:iron_helmet":1,"minecraft:wooden_pickaxe":1,"minecraft:cooked_chicken":2,"minecraft:furnace":5,"minecraft:birch_planks":64,"minecraft:stone_axe":1,"minecraft:iron_boots":1,"minecraft:iron_chestplate":2,"minecraft:shield":4,"minecraft:iron_axe":2,"minecraft:stick":68,"minecraft:iron_ingot":96,"minecraft:iron_pickaxe":2,"minecraft:stone_pickaxe":3,"minecraft:wooden_axe":1,"minecraft:chest":2,"minecraft:iron_shovel":2,"minecraft:iron_leggings":2,"minecraft:torch":144},"minecraft:picked_up":{"minecraft:birch_log":1,"minecraft:charcoal":2,"minecraft:crafting_table":2,"minecraft:feather":7,"minecraft:chicken":6,"minecraft:andesite":29,"minecraft:flint":1,"tombstone:grave_key":2,"minecraft:oak_log":42,"minecraft:cobblestone_wall":1,"minecraft:gunpowder":1,"minecraft:blue_bed":1,"minecraft:string":1,"minecraft:lapis_lazuli":10,"minecraft:dirt":123,"minecraft:bone":5,"minecraft:bow":1,"minecraft:wheat_seeds":1,"minecraft:white_tulip":1,"minecraft:stone_pickaxe":1,"minecraft:iron_ore":190,"minecraft:rose_bush":1,"minecraft:sugar_cane":6,"minecraft:oak_planks":2,"minecraft:furnace":2,"minecraft:cooked_porkchop":2,"minecraft:sweet_berries":5,"minecraft:torch":13,"minecraft:gravel":10,"minecraft:porkchop":8,"tombstone:grave_dust":3,"minecraft:diorite":10,"minecraft:redstone":93,"minecraft:gold_ore":42,"minecraft:spruce_door":1,"minecraft:arrow":5,"minecraft:purple_bed":8,"minecraft:rotten_flesh":5,"minecraft:diamond":2,"minecraft:granite":30,"minecraft:pink_tulip":2,"minecraft:mutton":2,"minecraft:coal":120,"minecraft:white_wool":1,"minecraft:cobblestone":462},"minecraft:killed_by":{"minecraft:player":1,"minecraft:skeleton":2,"minecraft:creeper":1,"minecraft:zombie":3},"minecraft:dropped":{"minecraft:cobblestone_wall":1,"minecraft:cobblestone":2,"minecraft:spruce_door":1,"minecraft:dirt":1,"minecraft:shield":1,"minecraft:torch":4,"minecraft:purple_bed":3,"minecraft:stone_pickaxe":2,"minecraft:iron_shovel":1},"minecraft:used":{"minecraft:diorite":1,"minecraft:iron_shovel":118,"minecraft:birch_planks":1,"minecraft:stone_pickaxe":257,"minecraft:oak_planks":7,"minecraft:shield":21,"minecraft:chest":2,"minecraft:wooden_pickaxe":30,"minecraft:blue_bed":1,"minecraft:cooked_chicken":2,"minecraft:torch":110,"minecraft:dirt":100,"minecraft:crafting_table":7,"minecraft:granite":1,"minecraft:wooden_axe":28,"minecraft:apple":5,"minecraft:iron_axe":40,"minecraft:iron_pickaxe":677,"minecraft:bread":4,"minecraft:gravel":3,"minecraft:stone_axe":76,"minecraft:cobblestone":109,"minecraft:purple_bed":5,"minecraft:furnace":5,"minecraft:cooked_porkchop":6,"minecraft:andesite":6,"minecraft:birch_log":1,"tombstone:gift":4},"minecraft:mined":{"minecraft:diamond_ore":2,"minecraft:crafting_table":2,"minecraft:granite":25,"minecraft:grass_block":70,"minecraft:rose_bush":1,"minecraft:campfire":1,"minecraft:tall_grass":1,"minecraft:cobblestone":3,"minecraft:spruce_leaves":2,"minecraft:lapis_ore":2,"minecraft:oak_planks":2,"minecraft:sugar_cane":4,"minecraft:diorite":5,"minecraft:blue_bed":1,"minecraft:purple_bed":7,"minecraft:redstone_ore":20,"minecraft:furnace":2,"minecraft:birch_log":1,"minecraft:iron_ore":193,"minecraft:sweet_berry_bush":1,"minecraft:andesite":26,"minecraft:birch_leaves":2,"minecraft:grass":4,"minecraft:oak_log":43,"minecraft:coal_ore":118,"minecraft:gravel":4,"minecraft:dirt":39,"minecraft:pink_tulip":2,"minecraft:white_tulip":1,"minecraft:stone":438,"minecraft:gold_ore":42,"minecraft:oak_leaves":2},"minecraft:killed":{"minecraft:pig":3,"minecraft:spider":1,"minecraft:creeper":3,"minecraft:sheep":1,"minecraft:skeleton":6,"minecraft:zombie":12,"minecraft:chicken":6}},"DataVersion":2586}