{"stats":{"minecraft:custom":{"minecraft:interact_with_furnace":70,"minecraft:mob_kills":64,"minecraft:interact_with_crafting_table":9,"minecraft:play_one_minute":114663,"minecraft:interact_with_campfire":14,"minecraft:leave_game":3,"minecraft:time_since_death":7805,"minecraft:sleep_in_bed":3,"minecraft:climb_one_cm":319,"minecraft:time_since_rest":5406,"minecraft:sprint_one_cm":208226,"minecraft:damage_taken":2865,"minecraft:walk_one_cm":474150,"minecraft:drop":14,"minecraft:damage_dealt":9232,"minecraft:swim_one_cm":3033,"minecraft:fly_one_cm":156459,"minecraft:open_chest":11,"tombstone:undead_killed":30,"minecraft:deaths":4,"minecraft:sneak_time":2,"minecraft:walk_under_water_one_cm":2724,"minecraft:jump":1580,"minecraft:walk_on_water_one_cm":40897,"minecraft:fall_one_cm":21053},"minecraft:broken":{"minecraft:stone_pickaxe":1,"minecraft:iron_pickaxe":1,"minecraft:iron_helmet":1},"minecraft:crafted":{"minecraft:oak_planks":24,"minecraft:crafting_table":3,"minecraft:spruce_planks":20,"minecraft:iron_helmet":2,"minecraft:furnace":4,"minecraft:stone_axe":2,"minecraft:air":0,"minecraft:iron_boots":1,"minecraft:iron_chestplate":1,"minecraft:iron_axe":1,"minecraft:stick":40,"minecraft:iron_ingot":166,"minecraft:iron_pickaxe":2,"minecraft:stone_pickaxe":1,"minecraft:iron_shovel":1,"minecraft:iron_leggings":2,"minecraft:torch":112},"minecraft:picked_up":{"minecraft:birch_log":16,"minecraft:charcoal":4,"minecraft:iron_chestplate":1,"minecraft:crafting_table":2,"minecraft:cooked_beef":9,"minecraft:andesite":6,"minecraft:leather":5,"minecraft:enchanted_book":1,"minecraft:oak_log":57,"tombstone:grave_key":1,"minecraft:shield":2,"minecraft:dirt":184,"minecraft:lapis_lazuli":54,"minecraft:string":4,"minecraft:blue_bed":4,"minecraft:iron_axe":1,"minecraft:iron_leggings":1,"minecraft:iron_shovel":1,"minecraft:bone":22,"minecraft:bow":1,"minecraft:wheat_seeds":4,"minecraft:spruce_planks":4,"minecraft:iron_ingot":136,"minecraft:beef":9,"minecraft:iron_ore":165,"minecraft:iron_pickaxe":1,"minecraft:oak_planks":3,"minecraft:furnace":15,"minecraft:stick":2,"minecraft:cooked_porkchop":5,"minecraft:sweet_berries":29,"minecraft:torch":8,"minecraft:porkchop":9,"tombstone:grave_dust":8,"minecraft:diorite":7,"minecraft:gold_ore":1,"minecraft:redstone":257,"minecraft:spider_eye":2,"minecraft:arrow":11,"minecraft:purple_bed":1,"minecraft:rotten_flesh":21,"minecraft:stone_axe":1,"minecraft:granite":2,"minecraft:gray_wool":2,"minecraft:gold_ingot":6,"tombstone:magic_scroll":1,"minecraft:white_wool":21,"minecraft:black_wool":2,"minecraft:mutton":50,"minecraft:coal":150,"minecraft:cobblestone":265},"minecraft:killed_by":{"minecraft:player":1,"minecraft:skeleton":2,"minecraft:spider":1},"minecraft:dropped":{"minecraft:iron_ingot":8,"minecraft:stone_axe":1,"minecraft:rotten_flesh":11,"minecraft:spider_eye":2,"minecraft:bone":4,"minecraft:redstone":1},"minecraft:used":{"minecraft:iron_shovel":62,"minecraft:stone_pickaxe":132,"minecraft:oak_planks":14,"minecraft:shield":45,"minecraft:blue_bed":3,"minecraft:torch":118,"minecraft:dirt":105,"minecraft:crafting_table":5,"minecraft:iron_axe":109,"minecraft:bread":5,"minecraft:iron_pickaxe":307,"minecraft:stone_axe":147,"minecraft:cobblestone":136,"minecraft:sweet_berries":55,"minecraft:purple_bed":1,"minecraft:furnace":7,"minecraft:cooked_porkchop":5,"tombstone:gift":2,"minecraft:cooked_beef":9},"minecraft:mined":{"minecraft:crafting_table":2,"minecraft:torch":3,"minecraft:granite":1,"minecraft:grass_block":16,"minecraft:campfire":2,"minecraft:cobblestone":17,"minecraft:spruce_leaves":1,"minecraft:lapis_ore":4,"minecraft:oak_planks":4,"minecraft:diorite":1,"minecraft:blue_bed":3,"minecraft:wall_torch":1,"minecraft:redstone_ore":28,"minecraft:furnace":9,"minecraft:birch_log":16,"minecraft:iron_ore":162,"minecraft:birch_leaves":3,"minecraft:grass":26,"minecraft:oak_log":57,"minecraft:coal_ore":79,"minecraft:dirt":62,"minecraft:stone":134,"minecraft:oak_leaves":7},"minecraft:killed":{"minecraft:pig":5,"minecraft:spider":5,"minecraft:sheep":16,"minecraft:skeleton":16,"minecraft:zombie":14,"minecraft:cow":4}},"DataVersion":2586}