{"stats":{"minecraft:killed":{"minecraft:skeleton":1,"minecraft:chicken":2,"minecraft:cow":1},"minecraft:dropped":{"minecraft:wheat_seeds":7,"minecraft:diorite":3,"minecraft:iron_ore":9,"minecraft:wooden_pickaxe":1},"minecraft:picked_up":{"minecraft:crafting_table":3,"minecraft:feather":3,"minecraft:chicken":2,"minecraft:andesite":25,"minecraft:leather":2,"minecraft:flint":4,"minecraft:oak_log":53,"minecraft:dirt":405,"minecraft:wheat_seeds":7,"minecraft:spruce_wood":1,"minecraft:beef":3,"minecraft:iron_ore":75,"minecraft:oak_planks":33,"minecraft:furnace":3,"minecraft:stick":4,"minecraft:gravel":9,"minecraft:white_bed":2,"minecraft:spruce_sapling":1,"tombstone:grave_dust":1,"minecraft:diorite":4,"minecraft:spruce_log":98,"minecraft:arrow":2,"minecraft:rotten_flesh":4,"minecraft:granite":14,"minecraft:oak_sapling":6,"minecraft:coal":66,"minecraft:cobblestone":224},"minecraft:killed_by":{"minecraft:zombie":3},"minecraft:custom":{"minecraft:interact_with_furnace":40,"minecraft:mob_kills":4,"minecraft:interact_with_crafting_table":16,"minecraft:play_one_minute":200800,"minecraft:leave_game":8,"minecraft:time_since_death":152,"minecraft:sleep_in_bed":6,"minecraft:time_since_rest":1,"minecraft:sprint_one_cm":242474,"minecraft:damage_taken":1068,"minecraft:walk_one_cm":276223,"minecraft:drop":12,"minecraft:damage_dealt":415,"minecraft:swim_one_cm":4805,"minecraft:fly_one_cm":874124,"minecraft:player_kills":1,"minecraft:crouch_one_cm":29797,"tombstone:undead_killed":1,"minecraft:deaths":6,"minecraft:sneak_time":9340,"minecraft:walk_under_water_one_cm":6232,"minecraft:jump":1552,"minecraft:walk_on_water_one_cm":29865,"minecraft:fall_one_cm":34742},"minecraft:broken":{"minecraft:stone_pickaxe":1,"minecraft:iron_shovel":1,"minecraft:stone_axe":1},"minecraft:used":{"minecraft:diorite":1,"minecraft:iron_shovel":370,"minecraft:polished_andesite":2,"minecraft:stone_pickaxe":175,"minecraft:oak_planks":134,"minecraft:shield":5,"minecraft:wooden_pickaxe":29,"minecraft:stone":82,"minecraft:redstone_block":1,"minecraft:cooked_chicken":2,"minecraft:torch":7,"minecraft:dirt":53,"minecraft:sand":2,"minecraft:crafting_table":5,"minecraft:white_bed":3,"minecraft:spruce_log":89,"minecraft:oak_log":10,"minecraft:spruce_wood":7,"minecraft:iron_axe":45,"minecraft:command_block":8,"minecraft:grass_block":24,"minecraft:iron_pickaxe":180,"minecraft:stone_axe":124,"minecraft:bedrock":4,"minecraft:cobblestone":154,"minecraft:furnace":4,"minecraft:podzol":1,"minecraft:andesite":19,"tombstone:gift":2,"minecraft:cooked_beef":2},"minecraft:crafted":{"minecraft:cooked_beef":3,"minecraft:oak_planks":172,"minecraft:crafting_table":2,"minecraft:cooked_chicken":2,"minecraft:wooden_pickaxe":1,"minecraft:iron_helmet":1,"minecraft:furnace":2,"minecraft:stone_axe":1,"minecraft:air":0,"minecraft:iron_boots":1,"minecraft:iron_chestplate":1,"minecraft:spruce_wood":6,"minecraft:shield":1,"minecraft:iron_axe":1,"minecraft:stick":24,"minecraft:iron_ingot":41,"minecraft:iron_pickaxe":1,"minecraft:stone_pickaxe":3,"minecraft:iron_shovel":3,"minecraft:iron_leggings":1,"minecraft:torch":8},"minecraft:mined":{"minecraft:white_bed":2,"minecraft:crafting_table":3,"minecraft:granite":11,"minecraft:grass_block":157,"minecraft:tall_grass":1,"minecraft:cobblestone":3,"minecraft:spruce_leaves":4,"minecraft:oak_planks":5,"minecraft:diorite":5,"minecraft:furnace":3,"minecraft:iron_ore":75,"minecraft:spruce_log":101,"minecraft:andesite":24,"minecraft:birch_leaves":4,"minecraft:grass":32,"minecraft:coal_ore":36,"minecraft:oak_log":51,"minecraft:gravel":13,"minecraft:dirt":200,"minecraft:spruce_wood":1,"minecraft:stone":218,"minecraft:oak_leaves":22}},"DataVersion":2586}