{"stats":{"minecraft:killed":{"minecraft:pig":1,"minecraft:spider":4,"minecraft:sheep":1,"minecraft:chicken":1,"minecraft:cow":2},"minecraft:picked_up":{"minecraft:crafting_table":2,"minecraft:feather":2,"minecraft:chicken":1,"minecraft:leather":2,"minecraft:oak_log":4,"minecraft:string":3,"minecraft:blue_bed":2,"minecraft:stripped_birch_log":6,"minecraft:dirt":173,"minecraft:iron_axe":1,"minecraft:bone":1,"minecraft:wheat_seeds":33,"minecraft:spruce_planks":117,"minecraft:beef":2,"minecraft:iron_ingot":8,"minecraft:iron_ore":9,"minecraft:poppy":1,"minecraft:sugar_cane":18,"minecraft:furnace":1,"minecraft:stick":4,"minecraft:spruce_stairs":14,"minecraft:porkchop":1,"minecraft:sand":104,"minecraft:spruce_sapling":3,"minecraft:spruce_log":64,"minecraft:white_bed":4,"minecraft:spider_eye":1,"minecraft:arrow":1,"minecraft:purple_bed":1,"minecraft:stone_axe":1,"minecraft:coal":4,"minecraft:oak_sapling":2,"minecraft:mutton":2,"minecraft:white_wool":1,"minecraft:cobblestone":114},"minecraft:dropped":{"minecraft:enchanted_book":1,"minecraft:iron_ingot":136,"minecraft:furnace":6,"minecraft:stone_axe":2,"minecraft:lapis_lazuli":27,"minecraft:cobblestone":49,"minecraft:dirt":71,"minecraft:gray_wool":1,"minecraft:shield":1,"minecraft:spruce_planks":5,"tombstone:grave_key":1,"minecraft:mutton":22,"minecraft:iron_chestplate":1,"minecraft:purple_bed":1,"minecraft:iron_leggings":1,"minecraft:iron_axe":2,"minecraft:iron_pickaxe":1,"minecraft:iron_shovel":1,"minecraft:string":1,"minecraft:white_wool":7,"minecraft:blue_bed":1,"minecraft:black_wool":1,"minecraft:gold_ingot":6,"minecraft:redstone":128},"minecraft:killed_by":{"minecraft:spider":1},"minecraft:broken":{"minecraft:iron_shovel":1,"minecraft:iron_axe":1},"minecraft:custom":{"minecraft:interact_with_furnace":28,"minecraft:mob_kills":10,"minecraft:interact_with_crafting_table":10,"minecraft:play_one_minute":101879,"minecraft:leave_game":3,"minecraft:time_since_death":93883,"minecraft:sleep_in_bed":8,"minecraft:climb_one_cm":123,"minecraft:time_since_rest":6123,"minecraft:sprint_one_cm":171518,"minecraft:damage_taken":770,"minecraft:walk_one_cm":320755,"tombstone:sneak_grave":1,"minecraft:drop":31,"minecraft:damage_dealt":1059,"minecraft:swim_one_cm":4475,"minecraft:fly_one_cm":279478,"minecraft:crouch_one_cm":29900,"minecraft:deaths":1,"minecraft:sneak_time":9640,"minecraft:walk_under_water_one_cm":3109,"tombstone:tomb_raiding":1,"minecraft:jump":1619,"minecraft:walk_on_water_one_cm":13978,"minecraft:fall_one_cm":41583},"minecraft:used":{"minecraft:cooked_mutton":8,"minecraft:iron_shovel":254,"minecraft:stripped_birch_log":5,"minecraft:spruce_planks":401,"minecraft:sugar_cane":2,"minecraft:blue_bed":2,"minecraft:torch":2,"minecraft:dirt":74,"minecraft:crafting_table":2,"minecraft:spruce_stairs":22,"minecraft:white_bed":5,"minecraft:glass":103,"minecraft:iron_axe":230,"minecraft:iron_pickaxe":116,"tombstone:magic_scroll":3,"minecraft:spruce_sapling":3,"minecraft:stone_axe":1,"minecraft:cobblestone":100,"minecraft:furnace":1,"minecraft:cooked_porkchop":3,"tombstone:gift":3},"minecraft:crafted":{"minecraft:cooked_porkchop":5,"minecraft:spruce_planks":312,"minecraft:cooked_mutton":8,"minecraft:glass":104,"minecraft:spruce_stairs":8,"minecraft:iron_axe":1,"minecraft:stick":8,"minecraft:iron_pickaxe":1,"minecraft:iron_shovel":1,"minecraft:white_bed":1},"minecraft:mined":{"minecraft:spruce_planks":116,"minecraft:white_bed":4,"minecraft:stripped_birch_log":6,"minecraft:crafting_table":2,"minecraft:grass_block":157,"minecraft:poppy":1,"minecraft:glass":2,"minecraft:tall_grass":17,"minecraft:spruce_leaves":3,"minecraft:sugar_cane":6,"minecraft:blue_bed":2,"minecraft:spruce_stairs":14,"minecraft:purple_bed":1,"minecraft:furnace":1,"minecraft:spruce_log":64,"minecraft:stripped_spruce_log":1,"minecraft:grass":233,"minecraft:coal_ore":4,"minecraft:oak_log":4,"minecraft:sand":106,"minecraft:dirt":27,"minecraft:stone":111,"minecraft:oak_leaves":2}},"DataVersion":2586}