{"stats":{"minecraft:killed":{"minecraft:pig":1,"minecraft:wandering_trader":1,"minecraft:sheep":4,"minecraft:skeleton":1,"minecraft:trader_llama":2,"minecraft:zombie":8,"minecraft:chicken":4,"minecraft:cow":2},"minecraft:dropped":{"minecraft:white_tulip":3,"minecraft:wheat_seeds":2,"minecraft:stone_shovel":1,"minecraft:feather":5,"minecraft:rotten_flesh":1,"minecraft:flint":11,"minecraft:andesite":1,"tombstone:grave_dust":1,"minecraft:spider_eye":1,"minecraft:stone_pickaxe":1,"minecraft:pink_tulip":1},"minecraft:picked_up":{"minecraft:crafting_table":4,"minecraft:feather":5,"minecraft:chicken":4,"minecraft:andesite":8,"minecraft:oak_stairs":9,"minecraft:flint":26,"minecraft:oak_log":70,"minecraft:gunpowder":2,"minecraft:dirt":566,"minecraft:iron_shovel":1,"minecraft:bone":3,"minecraft:wheat_seeds":2,"minecraft:cooked_chicken":1,"minecraft:white_tulip":3,"minecraft:beef":1,"minecraft:stone_pickaxe":2,"minecraft:iron_ore":65,"tombstone:bag_of_seeds":1,"minecraft:oak_planks":79,"minecraft:furnace":1,"minecraft:torch":20,"minecraft:gravel":85,"minecraft:porkchop":2,"sophisticatedbackpacks:iron_backpack":1,"minecraft:diorite":70,"minecraft:spruce_log":106,"minecraft:gold_ore":7,"minecraft:spider_eye":1,"minecraft:stone_shovel":1,"minecraft:purple_bed":5,"minecraft:rotten_flesh":7,"minecraft:granite":25,"minecraft:pink_tulip":3,"tombstone:magic_scroll":1,"minecraft:black_wool":1,"minecraft:mutton":6,"minecraft:coal":89,"minecraft:white_wool":3,"minecraft:cobblestone":435},"minecraft:killed_by":{"minecraft:creeper":1,"minecraft:zombie":1},"minecraft:custom":{"minecraft:interact_with_furnace":75,"minecraft:mob_kills":22,"minecraft:interact_with_crafting_table":13,"minecraft:play_one_minute":180347,"minecraft:damage_dealt_resisted":874,"minecraft:leave_game":2,"minecraft:time_since_death":134078,"minecraft:sleep_in_bed":5,"minecraft:time_since_rest":27023,"minecraft:sprint_one_cm":217005,"minecraft:damage_taken":2651,"minecraft:walk_one_cm":265485,"minecraft:drop":16,"minecraft:damage_dealt":3558,"minecraft:damage_dealt_absorbed":79,"minecraft:swim_one_cm":2434,"minecraft:fly_one_cm":214813,"minecraft:player_kills":1,"minecraft:open_chest":10,"minecraft:crouch_one_cm":7073,"tombstone:undead_killed":9,"minecraft:deaths":5,"minecraft:sneak_time":3630,"minecraft:walk_under_water_one_cm":596,"tombstone:villager_killed":1,"minecraft:jump":2123,"minecraft:walk_on_water_one_cm":24273,"minecraft:fall_one_cm":45436},"minecraft:broken":{"minecraft:stone_pickaxe":4,"minecraft:iron_shovel":1,"minecraft:iron_axe":1,"minecraft:stone_shovel":2},"minecraft:used":{"minecraft:cooked_mutton":5,"minecraft:diorite":10,"minecraft:pink_tulip":2,"minecraft:iron_ore":12,"minecraft:iron_shovel":253,"minecraft:stone_shovel":262,"minecraft:stone_pickaxe":675,"minecraft:oak_planks":299,"minecraft:baked_potato":6,"minecraft:spruce_planks":128,"minecraft:shield":23,"minecraft:cooked_chicken":6,"minecraft:rotten_flesh":4,"minecraft:torch":35,"minecraft:dirt":119,"minecraft:crafting_table":4,"minecraft:spruce_log":74,"minecraft:oak_stairs":17,"minecraft:chicken":1,"minecraft:iron_axe":372,"minecraft:bread":1,"minecraft:iron_pickaxe":56,"minecraft:cobblestone":145,"minecraft:purple_bed":5,"minecraft:cooked_porkchop":2,"minecraft:furnace":2,"minecraft:andesite":4,"tombstone:gift":2,"minecraft:cooked_beef":1},"minecraft:crafted":{"minecraft:cooked_beef":1,"minecraft:oak_planks":288,"minecraft:stone_shovel":2,"minecraft:cooked_porkchop":2,"minecraft:crafting_table":1,"minecraft:spruce_planks":128,"minecraft:iron_helmet":1,"minecraft:baked_potato":6,"minecraft:cooked_chicken":6,"minecraft:furnace":2,"minecraft:cooked_mutton":6,"minecraft:iron_boots":1,"minecraft:iron_chestplate":1,"minecraft:shield":1,"minecraft:iron_axe":3,"minecraft:stick":60,"minecraft:iron_pickaxe":1,"minecraft:iron_ingot":80,"minecraft:stone_pickaxe":6,"minecraft:oak_stairs":16,"minecraft:iron_leggings":1,"minecraft:gold_ingot":7,"minecraft:torch":16},"minecraft:mined":{"minecraft:crafting_table":4,"minecraft:torch":9,"minecraft:granite":25,"minecraft:grass_block":176,"minecraft:cobblestone":57,"minecraft:oak_planks":76,"minecraft:diorite":71,"minecraft:wall_torch":8,"minecraft:purple_bed":3,"minecraft:furnace":1,"minecraft:iron_ore":68,"minecraft:spruce_log":106,"minecraft:andesite":7,"minecraft:birch_leaves":1,"minecraft:grass_path":40,"minecraft:grass":19,"minecraft:oak_log":70,"minecraft:coal_ore":67,"minecraft:oak_stairs":9,"minecraft:gravel":99,"minecraft:dirt":358,"minecraft:pink_tulip":1,"minecraft:white_tulip":1,"minecraft:stone":395,"minecraft:gold_ore":7,"minecraft:oak_leaves":9}},"DataVersion":2586}